529638.0,0.5247318744659424,180.00000711006123,180.00000711006123,180.00000711006123,0.0,0.0,0.0,0.0,0.0,0.0,0.0,0.0,0.0,0.0,0.0,0.0,0.0,0.0,0.0,0.0,0.0,0.0,0.0,0.0,0.0,180.00000711006123,180.00000711006123,180.00000711006123,0.0,0.0,0.0,0.0,0.0,0.0,0.0,0.0,0.0,0.0,0.0,0.0,0.0,0.0,0.0,0.0,0.0,0.0,0.0,0.0,0.0,5.0
529639.0,0.5415310859680176,180.00000711006123,180.00000711006123,180.00000711006123,0.0,0.0,0.0,0.0,0.0,0.0,0.0,0.0,0.0,0.0,0.0,0.0,0.0,0.0,0.0,0.0,0.0,0.0,0.0,0.0,0.0,180.00000711006123,180.00000711006123,180.00000711006123,0.0,0.0,0.0,0.0,0.0,0.0,0.0,0.0,0.0,0.0,0.0,0.0,0.0,0.0,0.0,0.0,0.0,0.0,0.0,0.0,0.0,5.0
529640.0,0.5567820072174072,180.00000711006123,180.00000711006123,180.00000711006123,0.0,0.0,0.0,0.0,0.0,0.0,0.0,0.0,0.0,0.0,0.0,0.0,0.0,0.0,0.0,0.0,0.0,0.0,0.0,0.0,0.0,180.00000711006123,180.00000711006123,180.00000711006123,0.0,0.0,0.0,0.0,0.0,0.0,0.0,0.0,0.0,0.0,0.0,0.0,0.0,0.0,0.0,0.0,0.0,0.0,0.0,0.0,0.0,5.0
529641.0,0.573767900466919,180.00000711006123,180.00000711006123,180.00000711006123,0.0,0.0,0.0,0.0,0.0,0.0,0.0,0.0,0.0,0.0,0.0,0.0,0.0,0.0,0.0,0.0,0.0,0.0,0.0,0.0,0.0,180.00000711006123,180.00000711006123,180.00000711006123,0.0,0.0,0.0,0.0,0.0,0.0,0.0,0.0,0.0,0.0,0.0,0.0,0.0,0.0,0.0,0.0,0.0,0.0,0.0,0.0,0.0,5.0
529642.0,0.5909340381622314,180.00000711006123,180.00000711006123,180.00000711006123,0.0,0.0,0.0,0.0,0.0,0.0,0.0,0.0,0.0,0.0,0.0,0.0,0.0,0.0,0.0,0.0,0.0,0.0,0.0,0.0,0.0,180.00000711006123,180.00000711006123,180.00000711006123,0.0,0.0,0.0,0.0,0.0,0.0,0.0,0.0,0.0,0.0,0.0,0.0,0.0,0.0,0.0,0.0,0.0,0.0,0.0,0.0,0.0,5.0
529643.0,0.6083860397338867,180.00000711006123,180.00000711006123,180.00000711006123,0.0,0.0,0.0,0.0,0.0,0.0,0.0,0.0,0.0,0.0,0.0,0.0,0.0,0.0,0.0,0.0,0.0,0.0,0.0,0.0,0.0,180.00000711006123,180.00000711006123,180.00000711006123,0.0,0.0,0.0,0.0,0.0,0.0,0.0,0.0,0.0,0.0,0.0,0.0,0.0,0.0,0.0,0.0,0.0,0.0,0.0,0.0,0.0,5.0
529644.0,0.6256589889526367,180.00000711006123,180.00000711006123,180.00000711006123,0.0,0.0,0.0,0.0,0.0,0.0,0.0,0.0,0.0,0.0,0.0,0.0,0.0,0.0,0.0,0.0,0.0,0.0,0.0,0.0,0.0,180.00000711006123,180.00000711006123,180.00000711006123,0.0,0.0,0.0,0.0,0.0,0.0,0.0,0.0,0.0,0.0,0.0,0.0,0.0,0.0,0.0,0.0,0.0,0.0,0.0,0.0,0.0,5.0
529645.0,0.6432199478149414,180.00000711006123,180.00000711006123,180.00000711006123,0.0,0.0,0.0,0.0,0.0,0.0,0.0,0.0,0.0,0.0,0.0,0.0,0.0,0.0,0.0,0.0,0.0,0.0,0.0,0.0,0.0,180.00000711006123,180.00000711006123,180.00000711006123,0.0,0.0,0.0,0.0,0.0,0.0,0.0,0.0,0.0,0.0,0.0,0.0,0.0,0.0,0.0,0.0,0.0,0.0,0.0,0.0,0.0,5.0
529646.0,0.6603939533233643,180.00000711006123,180.00000711006123,180.00000711006123,0.0,0.0,0.0,0.0,0.0,0.0,0.0,0.0,0.0,0.0,0.0,0.0,0.0,0.0,0.0,0.0,0.0,0.0,0.0,0.0,0.0,180.00000711006123,180.00000711006123,180.00000711006123,0.0,0.0,0.0,0.0,0.0,0.0,0.0,0.0,0.0,0.0,0.0,0.0,0.0,0.0,0.0,0.0,0.0,0.0,0.0,0.0,0.0,5.0
529647.0,0.6781160831451416,180.00000711006123,180.00000711006123,180.00000711006123,0.0,0.0,0.0,0.0,0.0,0.0,0.0,0.0,0.0,0.0,0.0,0.0,0.0,0.0,0.0,0.0,0.0,0.0,0.0,0.0,0.0,180.00000711006123,180.00000711006123,180.00000711006123,0.0,0.0,0.0,0.0,0.0,0.0,0.0,0.0,0.0,0.0,0.0,0.0,0.0,0.0,0.0,0.0,0.0,0.0,0.0,0.0,0.0,5.0
529648.0,0.695051908493042,180.00000711006123,180.00000711006123,180.00000711006123,0.0,0.0,0.0,0.0,0.0,0.0,0.0,0.0,0.0,0.0,0.0,0.0,0.0,0.0,0.0,0.0,0.0,0.0,0.0,0.0,0.0,180.00000711006123,180.00000711006123,180.00000711006123,0.0,0.0,0.0,0.0,0.0,0.0,0.0,0.0,0.0,0.0,0.0,0.0,0.0,0.0,0.0,0.0,0.0,0.0,0.0,0.0,0.0,5.0
529649.0,0.7124960422515869,180.00000711006123,180.00000711006123,180.00000711006123,0.0,0.0,0.0,0.0,0.0,0.0,0.0,0.0,0.0,0.0,0.0,0.0,0.0,0.0,0.0,0.0,0.0,0.0,0.0,0.0,0.0,180.00000711006123,180.00000711006123,180.00000711006123,0.0,0.0,0.0,0.0,0.0,0.0,0.0,0.0,0.0,0.0,0.0,0.0,0.0,0.0,0.0,0.0,0.0,0.0,0.0,0.0,0.0,5.0
529650.0,0.7296950817108154,180.00000711006123,180.00000711006123,180.00000711006123,0.0,0.0,0.0,0.0,0.0,0.0,0.0,0.0,0.0,0.0,0.0,0.0,0.0,0.0,0.0,0.0,0.0,0.0,0.0,0.0,0.0,180.00000711006123,180.00000711006123,180.00000711006123,0.0,0.0,0.0,0.0,0.0,0.0,0.0,0.0,0.0,0.0,0.0,0.0,0.0,0.0,0.0,0.0,0.0,0.0,0.0,0.0,0.0,5.0
529651.0,0.7468619346618652,180.00000711006123,180.00000711006123,180.00000711006123,0.0,0.0,0.0,0.0,0.0,0.0,0.0,0.0,0.0,0.0,0.0,0.0,0.0,0.0,0.0,0.0,0.0,0.0,0.0,0.0,0.0,180.00000711006123,180.00000711006123,180.00000711006123,0.0,0.0,0.0,0.0,0.0,0.0,0.0,0.0,0.0,0.0,0.0,0.0,0.0,0.0,0.0,0.0,0.0,0.0,0.0,0.0,0.0,5.0
529652.0,0.7674119472503662,180.00000711006123,180.00000711006123,180.00000711006123,0.0,0.0,0.0,0.0,0.0,0.0,0.0,0.0,0.0,0.0,0.0,0.0,0.0,0.0,0.0,0.0,0.0,0.0,0.0,0.0,0.0,180.00000711006123,180.00000711006123,180.00000711006123,0.0,0.0,0.0,0.0,0.0,0.0,0.0,0.0,0.0,0.0,0.0,0.0,0.0,0.0,0.0,0.0,0.0,0.0,0.0,0.0,0.0,5.0
529653.0,0.7860090732574463,180.00000711006123,180.00000711006123,180.00000711006123,0.0,0.0,0.0,0.0,0.0,0.0,0.0,0.0,0.0,0.0,0.0,0.0,0.0,0.0,0.0,0.0,0.0,0.0,0.0,0.0,0.0,180.00000711006123,180.00000711006123,180.00000711006123,0.0,0.0,0.0,0.0,0.0,0.0,0.0,0.0,0.0,0.0,0.0,0.0,0.0,0.0,0.0,0.0,0.0,0.0,0.0,0.0,0.0,5.0
529654.0,0.8023059368133545,180.00000711006123,180.00000711006123,180.00000711006123,0.0,0.0,0.0,0.0,0.0,0.0,0.0,0.0,0.0,0.0,0.0,0.0,0.0,0.0,0.0,0.0,0.0,0.0,0.0,0.0,0.0,180.00000711006123,180.00000711006123,180.00000711006123,0.0,0.0,0.0,0.0,0.0,0.0,0.0,0.0,0.0,0.0,0.0,0.0,0.0,0.0,0.0,0.0,0.0,0.0,0.0,0.0,0.0,5.0
529655.0,0.8201029300689697,180.00000711006123,180.00000711006123,180.00000711006123,0.0,0.0,0.0,0.0,0.0,0.0,0.0,0.0,0.0,0.0,0.0,0.0,0.0,0.0,0.0,0.0,0.0,0.0,0.0,0.0,0.0,180.00000711006123,180.00000711006123,180.00000711006123,0.0,0.0,0.0,0.0,0.0,0.0,0.0,0.0,0.0,0.0,0.0,0.0,0.0,0.0,0.0,0.0,0.0,0.0,0.0,0.0,0.0,5.0
529656.0,0.8372979164123535,180.00000711006123,180.00000711006123,180.00000711006123,0.0,0.0,0.0,0.0,0.0,0.0,0.0,0.0,0.0,0.0,0.0,0.0,0.0,0.0,0.0,0.0,0.0,0.0,0.0,0.0,0.0,180.00000711006123,180.00000711006123,180.00000711006123,0.0,0.0,0.0,0.0,0.0,0.0,0.0,0.0,0.0,0.0,0.0,0.0,0.0,0.0,0.0,0.0,0.0,0.0,0.0,0.0,0.0,5.0
529657.0,0.8544230461120605,180.00000711006123,180.00000711006123,180.00000711006123,0.0,0.0,0.0,0.0,0.0,0.0,0.0,0.0,0.0,0.0,0.0,0.0,0.0,0.0,0.0,0.0,0.0,0.0,0.0,0.0,0.0,180.00000711006123,180.00000711006123,180.00000711006123,0.0,0.0,0.0,0.0,0.0,0.0,0.0,0.0,0.0,0.0,0.0,0.0,0.0,0.0,0.0,0.0,0.0,0.0,0.0,0.0,0.0,5.0
529658.0,0.8723950386047363,180.00000711006123,180.00000711006123,180.00000711006123,0.0,0.0,0.0,0.0,0.0,0.0,0.0,0.0,0.0,0.0,0.0,0.0,0.0,0.0,0.0,0.0,0.0,0.0,0.0,0.0,0.0,180.00000711006123,180.00000711006123,180.00000711006123,0.0,0.0,0.0,0.0,0.0,0.0,0.0,0.0,0.0,0.0,0.0,0.0,0.0,0.0,0.0,0.0,0.0,0.0,0.0,0.0,0.0,5.0
529659.0,0.8882710933685303,180.00000711006123,180.00000711006123,180.00000711006123,0.0,0.0,0.0,0.0,0.0,0.0,0.0,0.0,0.0,0.0,0.0,0.0,0.0,0.0,0.0,0.0,0.0,0.0,0.0,0.0,0.0,180.00000711006123,180.00000711006123,180.00000711006123,0.0,0.0,0.0,0.0,0.0,0.0,0.0,0.0,0.0,0.0,0.0,0.0,0.0,0.0,0.0,0.0,0.0,0.0,0.0,0.0,0.0,5.0
529660.0,0.9053440093994141,180.00000711006123,180.00000711006123,180.00000711006123,0.0,0.0,0.0,0.0,0.0,0.0,0.0,0.0,0.0,0.0,0.0,0.0,0.0,0.0,0.0,0.0,0.0,0.0,0.0,0.0,0.0,180.00000711006123,180.00000711006123,180.00000711006123,0.0,0.0,0.0,0.0,0.0,0.0,0.0,0.0,0.0,0.0,0.0,0.0,0.0,0.0,0.0,0.0,0.0,0.0,0.0,0.0,0.0,5.0
529661.0,0.9231369495391846,180.00000711006123,180.00000711006123,180.00000711006123,0.0,0.0,0.0,0.0,0.0,0.0,0.0,0.0,0.0,0.0,0.0,0.0,0.0,0.0,0.0,0.0,0.0,0.0,0.0,0.0,0.0,180.00000711006123,180.00000711006123,180.00000711006123,0.0,0.0,0.0,0.0,0.0,0.0,0.0,0.0,0.0,0.0,0.0,0.0,0.0,0.0,0.0,0.0,0.0,0.0,0.0,0.0,0.0,5.0
529662.0,0.9404840469360352,180.00000711006123,180.00000711006123,180.00000711006123,0.0,0.0,0.0,0.0,0.0,0.0,0.0,0.0,0.0,0.0,0.0,0.0,0.0,0.0,0.0,0.0,0.0,0.0,0.0,0.0,0.0,180.00000711006123,180.00000711006123,180.00000711006123,0.0,0.0,0.0,0.0,0.0,0.0,0.0,0.0,0.0,0.0,0.0,0.0,0.0,0.0,0.0,0.0,0.0,0.0,0.0,0.0,0.0,5.0
529663.0,0.9576959609985352,180.00000711006123,180.00000711006123,180.00000711006123,0.0,0.0,0.0,0.0,0.0,0.0,0.0,0.0,0.0,0.0,0.0,0.0,0.0,0.0,0.0,0.0,0.0,0.0,0.0,0.0,0.0,180.00000711006123,180.00000711006123,180.00000711006123,0.0,0.0,0.0,0.0,0.0,0.0,0.0,0.0,0.0,0.0,0.0,0.0,0.0,0.0,0.0,0.0,0.0,0.0,0.0,0.0,0.0,5.0
529664.0,0.9753379821777344,180.00000711006123,180.00000711006123,180.00000711006123,0.0,0.0,0.0,0.0,0.0,0.0,0.0,0.0,0.0,0.0,0.0,0.0,0.0,0.0,0.0,0.0,0.0,0.0,0.0,0.0,0.0,180.00000711006123,180.00000711006123,180.00000711006123,0.0,0.0,0.0,0.0,0.0,0.0,0.0,0.0,0.0,0.0,0.0,0.0,0.0,0.0,0.0,0.0,0.0,0.0,0.0,0.0,0.0,5.0
529665.0,0.993798017501831,180.00000711006123,180.00000711006123,180.00000711006123,0.0,0.0,0.0,0.0,0.0,0.0,0.0,0.0,0.0,0.0,0.0,0.0,0.0,0.0,0.0,0.0,0.0,0.0,0.0,0.0,0.0,180.00000711006123,180.00000711006123,180.00000711006123,0.0,0.0,0.0,0.0,0.0,0.0,0.0,0.0,0.0,0.0,0.0,0.0,0.0,0.0,0.0,0.0,0.0,0.0,0.0,0.0,0.0,5.0
529666.0,1.0092549324035645,180.00000711006123,180.00000711006123,180.00000711006123,0.0,0.0,0.0,0.0,0.0,0.0,0.0,0.0,0.0,0.0,0.0,0.0,0.0,0.0,0.0,0.0,0.0,0.0,0.0,0.0,0.0,180.00000711006123,180.00000711006123,180.00000711006123,0.0,0.0,0.0,0.0,0.0,0.0,0.0,0.0,0.0,0.0,0.0,0.0,0.0,0.0,0.0,0.0,0.0,0.0,0.0,0.0,0.0,5.0
529667.0,1.0268900394439697,180.00000711006123,180.00000711006123,180.00000711006123,0.0,0.0,0.0,0.0,0.0,0.0,0.0,0.0,0.0,0.0,0.0,0.0,0.0,0.0,0.0,0.0,0.0,0.0,0.0,0.0,0.0,180.00000711006123,180.00000711006123,180.00000711006123,0.0,0.0,0.0,0.0,0.0,0.0,0.0,0.0,0.0,0.0,0.0,0.0,0.0,0.0,0.0,0.0,0.0,0.0,0.0,0.0,0.0,5.0
529668.0,1.04420804977417,180.00000711006123,180.00000711006123,180.00000711006123,0.0,0.0,0.0,0.0,0.0,0.0,0.0,0.0,0.0,0.0,0.0,0.0,0.0,0.0,0.0,0.0,0.0,0.0,0.0,0.0,0.0,180.00000711006123,180.00000711006123,180.00000711006123,0.0,0.0,0.0,0.0,0.0,0.0,0.0,0.0,0.0,0.0,0.0,0.0,0.0,0.0,0.0,0.0,0.0,0.0,0.0,0.0,0.0,5.0
529669.0,1.0613501071929932,180.00000711006123,180.00000711006123,180.00000711006123,0.0,0.0,0.0,0.0,0.0,0.0,0.0,0.0,0.0,0.0,0.0,0.0,0.0,0.0,0.0,0.0,0.0,0.0,0.0,0.0,0.0,180.00000711006123,180.00000711006123,180.00000711006123,0.0,0.0,0.0,0.0,0.0,0.0,0.0,0.0,0.0,0.0,0.0,0.0,0.0,0.0,0.0,0.0,0.0,0.0,0.0,0.0,0.0,5.0
529670.0,1.0789070129394531,180.00000711006123,180.00000711006123,180.00000711006123,0.0,0.0,0.0,0.0,0.0,0.0,0.0,0.0,0.0,0.0,0.0,0.0,0.0,0.0,0.0,0.0,0.0,0.0,0.0,0.0,0.0,180.00000711006123,180.00000711006123,180.00000711006123,0.0,0.0,0.0,0.0,0.0,0.0,0.0,0.0,0.0,0.0,0.0,0.0,0.0,0.0,0.0,0.0,0.0,0.0,0.0,0.0,0.0,5.0
529671.0,1.0950350761413574,180.00000711006123,180.00000711006123,180.00000711006123,0.0,0.0,0.0,0.0,0.0,0.0,0.0,0.0,0.0,0.0,0.0,0.0,0.0,0.0,0.0,0.0,0.0,0.0,0.0,0.0,0.0,180.00000711006123,180.00000711006123,180.00000711006123,0.0,0.0,0.0,0.0,0.0,0.0,0.0,0.0,0.0,0.0,0.0,0.0,0.0,0.0,0.0,0.0,0.0,0.0,0.0,0.0,0.0,5.0
529672.0,1.1126830577850342,180.00000711006123,180.00000711006123,180.00000711006123,0.0,0.0,0.0,0.0,0.0,0.0,0.0,0.0,0.0,0.0,0.0,0.0,0.0,0.0,0.0,0.0,0.0,0.0,0.0,0.0,0.0,180.00000711006123,180.00000711006123,180.00000711006123,0.0,0.0,0.0,0.0,0.0,0.0,0.0,0.0,0.0,0.0,0.0,0.0,0.0,0.0,0.0,0.0,0.0,0.0,0.0,0.0,0.0,5.0
529673.0,1.1310489177703857,180.00000711006123,180.00000711006123,180.00000711006123,0.0,0.0,0.0,0.0,0.0,0.0,0.0,0.0,0.0,0.0,0.0,0.0,0.0,0.0,0.0,0.0,0.0,0.0,0.0,0.0,0.0,180.00000711006123,180.00000711006123,180.00000711006123,0.0,0.0,0.0,0.0,0.0,0.0,0.0,0.0,0.0,0.0,0.0,0.0,0.0,0.0,0.0,0.0,0.0,0.0,0.0,0.0,0.0,5.0
529674.0,1.14888596534729,180.00000711006123,180.00000711006123,180.00000711006123,0.0,0.0,0.0,0.0,0.0,0.0,0.0,0.0,0.0,0.0,0.0,0.0,0.0,0.0,0.0,0.0,0.0,0.0,0.0,0.0,0.0,180.00000711006123,180.00000711006123,180.00000711006123,0.0,0.0,0.0,0.0,0.0,0.0,0.0,0.0,0.0,0.0,0.0,0.0,0.0,0.0,0.0,0.0,0.0,0.0,0.0,0.0,0.0,5.0
529675.0,1.1663289070129395,180.00000711006123,180.00000711006123,180.00000711006123,0.0,0.0,0.0,0.0,0.0,0.0,0.0,0.0,0.0,0.0,0.0,0.0,0.0,0.0,0.0,0.0,0.0,0.0,0.0,0.0,0.0,180.00000711006123,180.00000711006123,180.00000711006123,0.0,0.0,0.0,0.0,0.0,0.0,0.0,0.0,0.0,0.0,0.0,0.0,0.0,0.0,0.0,0.0,0.0,0.0,0.0,0.0,0.0,5.0
529676.0,1.1845710277557373,180.00000711006123,180.00000711006123,180.00000711006123,0.0,0.0,0.0,0.0,0.0,0.0,0.0,0.0,0.0,0.0,0.0,0.0,0.0,0.0,0.0,0.0,0.0,0.0,0.0,0.0,0.0,180.00000711006123,180.00000711006123,180.00000711006123,0.0,0.0,0.0,0.0,0.0,0.0,0.0,0.0,0.0,0.0,0.0,0.0,0.0,0.0,0.0,0.0,0.0,0.0,0.0,0.0,0.0,5.0
529677.0,1.2018070220947266,180.00000711006123,180.00000711006123,180.00000711006123,0.0,0.0,0.0,0.0,0.0,0.0,0.0,0.0,0.0,0.0,0.0,0.0,0.0,0.0,0.0,0.0,0.0,0.0,0.0,0.0,0.0,180.00000711006123,180.00000711006123,180.00000711006123,0.0,0.0,0.0,0.0,0.0,0.0,0.0,0.0,0.0,0.0,0.0,0.0,0.0,0.0,0.0,0.0,0.0,0.0,0.0,0.0,0.0,5.0
529678.0,1.2193269729614258,180.00000711006123,180.00000711006123,180.00000711006123,0.0,0.0,0.0,0.0,0.0,0.0,0.0,0.0,0.0,0.0,0.0,0.0,0.0,0.0,0.0,0.0,0.0,0.0,0.0,0.0,0.0,180.00000711006123,180.00000711006123,180.00000711006123,0.0,0.0,0.0,0.0,0.0,0.0,0.0,0.0,0.0,0.0,0.0,0.0,0.0,0.0,0.0,0.0,0.0,0.0,0.0,0.0,0.0,5.0
529679.0,1.2397899627685547,180.00000711006123,180.00000711006123,180.00000711006123,0.0,0.0,0.0,0.0,0.0,0.0,0.0,0.0,0.0,0.0,0.0,0.0,0.0,0.0,0.0,0.0,0.0,0.0,0.0,0.0,0.0,180.00000711006123,180.00000711006123,180.00000711006123,0.0,0.0,0.0,0.0,0.0,0.0,0.0,0.0,0.0,0.0,0.0,0.0,0.0,0.0,0.0,0.0,0.0,0.0,0.0,0.0,0.0,5.0
529680.0,1.2571048736572266,180.00000711006123,180.00000711006123,180.00000711006123,0.0,0.0,0.0,0.0,0.0,0.0,0.0,0.0,0.0,0.0,0.0,0.0,0.0,0.0,0.0,0.0,0.0,0.0,0.0,0.0,0.0,180.00000711006123,180.00000711006123,180.00000711006123,0.0,0.0,0.0,0.0,0.0,0.0,0.0,0.0,0.0,0.0,0.0,0.0,0.0,0.0,0.0,0.0,0.0,0.0,0.0,0.0,0.0,5.0
529681.0,1.276648998260498,180.00000711006123,180.00000711006123,180.00000711006123,0.0,0.0,0.0,0.0,0.0,0.0,0.0,0.0,0.0,0.0,0.0,0.0,0.0,0.0,0.0,0.0,0.0,0.0,0.0,0.0,0.0,-40.7448143654949,-70.3605593485986,-17.089201804742515,23.46216583251953,189.07183837890625,49.928401947021484,1.1920928955078125e-07,1.1920928955078125e-07,1.1920928955078125e-07,-60.323970794677734,177.4788818359375,48.458309173583984,-34.79499816894531,203.21578979492188,-27.72926139831543,-1.8108679056167603,200.37425231933594,-49.39263153076172,20.537364959716797,152.55531311035156,50.27747344970703,37.05009078979492,154.85464477539062,48.0095329284668,5.0
529682.0,1.2960669994354248,180.00000711006123,180.00000711006123,180.00000711006123,0.0,0.0,0.0,0.0,0.0,0.0,0.0,0.0,0.0,0.0,0.0,0.0,0.0,0.0,0.0,0.0,0.0,0.0,0.0,0.0,0.0,-37.7845010616295,-72.62120855628837,-13.638260639142459,29.664419174194336,186.285400390625,41.91847229003906,357.8291931152344,-160.75865173339844,-462.1201171875,-56.0202522277832,171.65475463867188,45.592872619628906,-32.158226013183594,201.6281280517578,-32.849456787109375,1.9414384365081787,199.5814971923828,-57.000083923339844,11.90000057220459,151.2261199951172,-32.7708854675293,29.971582412719727,149.72694396972656,-11.355903625488281,5.0
529683.0,1.3055760860443115,180.00000711006123,180.00000711006123,180.00000711006123,0.0,0.0,0.0,0.0,0.0,0.0,0.0,0.0,0.0,0.0,0.0,0.0,0.0,0.0,0.0,0.0,0.0,0.0,0.0,0.0,0.0,-29.79064222412717,-70.48835901965049,-11.467395122914184,32.579437255859375,180.8749542236328,37.40517044067383,271.44671630859375,-231.2719268798828,-370.5199890136719,-53.24852752685547,164.57815551757812,38.563148498535156,-27.70013427734375,198.1778106689453,-38.70722198486328,8.839984893798828,199.81346130371094,-61.89839553833008,25.664487838745117,179.393310546875,-58.68063735961914,46.901466369628906,163.4058074951172,-39.18549346923828,5.0
529684.0,1.319840908050537,180.00000711006123,180.00000711006123,180.00000711006123,0.0,0.0,0.0,0.0,0.0,0.0,0.0,0.0,0.0,0.0,0.0,0.0,0.0,0.0,0.0,0.0,0.0,0.0,0.0,0.0,0.0,-27.369259880370578,-68.2506933987861,-11.668803743510523,34.82461166381836,175.04083251953125,31.973739624023438,205.24594116210938,-278.9764404296875,-342.99493408203125,-51.44856643676758,160.0428924560547,30.995737075805664,-23.76301383972168,196.51708984375,-44.82451248168945,14.146519660949707,198.53567504882812,-67.15424346923828,34.92164993286133,192.59193420410156,-66.04220581054688,61.13637161254883,170.7523956298828,-50.12938690185547,5.0
529685.0,1.3370239734649658,180.00000711006123,180.00000711006123,180.00000711006123,0.0,0.0,0.0,0.0,0.0,0.0,0.0,0.0,0.0,0.0,0.0,0.0,0.0,0.0,0.0,0.0,0.0,0.0,0.0,0.0,0.0,-29.693687687727106,-67.34822049321792,-13.385951740709743,37.047359466552734,169.35328674316406,26.440889358520508,170.32568359375,-302.5789489746094,-333.10321044921875,-50.098472595214844,157.58470153808594,25.535402297973633,-20.61934471130371,194.6168212890625,-50.358394622802734,18.203872680664062,195.4218292236328,-72.55486297607422,40.6087760925293,194.81317138671875,-70.76334381103516,70.40308380126953,169.55557250976562,-56.32636260986328,5.0
529686.0,1.3541829586029053,180.00000711006123,180.00000711006123,180.00000711006123,0.0,0.0,0.0,0.0,0.0,0.0,0.0,0.0,0.0,0.0,0.0,0.0,0.0,0.0,0.0,0.0,0.0,0.0,0.0,0.0,0.0,-33.92501383360354,-66.97899412275547,-15.949692303904044,39.13397979736328,162.9077606201172,21.377368927001953,146.720458984375,-333.3392639160156,-313.0242919921875,-49.25431442260742,155.84095764160156,22.05171775817871,-17.478242874145508,191.32505798339844,-55.36800765991211,22.16887664794922,191.13995361328125,-77.62432098388672,44.803802490234375,190.77688598632812,-75.37509155273438,76.04889678955078,163.55197143554688,-61.263824462890625,5.0
529687.0,1.3718929290771484,180.00000711006123,180.00000711006123,180.00000711006123,0.0,0.0,0.0,0.0,0.0,0.0,0.0,0.0,0.0,0.0,0.0,0.0,0.0,0.0,0.0,0.0,0.0,0.0,0.0,0.0,0.0,-34.94410880551641,-66.91222219265,-16.587114592994112,41.023040771484375,155.65713500976562,14.693350791931152,129.26332092285156,-372.3689270019531,-346.358154296875,-48.291725158691406,150.5294647216797,16.46027374267578,-14.748597145080566,185.44622802734375,-62.50374984741211,25.7759952545166,184.85284423828125,-84.5982894897461,48.43558120727539,184.4647674560547,-81.83292388916016,80.6520004272461,156.2859344482422,-67.42955780029297,5.0
529688.0,1.391007900238037,180.00000711006123,180.00000711006123,180.00000711006123,0.0,0.0,0.0,0.0,0.0,0.0,0.0,0.0,0.0,0.0,0.0,0.0,0.0,0.0,0.0,0.0,0.0,0.0,0.0,0.0,0.0,-37.64010403070074,-68.36960016343482,-17.00471919391248,43.32298278808594,150.24716186523438,9.723127365112305,130.89950561523438,-344.7392578125,-319.01287841796875,-47.02170944213867,147.0645751953125,13.458548545837402,-11.834473609924316,179.44021606445312,-68.55064392089844,29.674596786499023,177.9052734375,-90.55274963378906,52.12691116333008,177.12159729003906,-87.39200592041016,84.90158081054688,148.5920867919922,-71.9294204711914,5.0
529689.0,1.4137299060821533,180.00000711006123,180.00000711006123,180.00000711006123,0.0,0.0,0.0,0.0,0.0,0.0,0.0,0.0,0.0,0.0,0.0,0.0,0.0,0.0,0.0,0.0,0.0,0.0,0.0,0.0,0.0,-37.968742001546616,-69.29553476907586,-16.43399882548806,45.02422332763672,143.6091766357422,4.9673614501953125,115.73080444335938,-362.168212890625,-298.259765625,-45.99052047729492,140.67489624023438,9.395492553710938,-9.4622163772583,172.46658325195312,-74.41708374023438,33.15477752685547,170.3933563232422,-96.05852508544922,55.350460052490234,169.41604614257812,-92.42168426513672,88.6526870727539,140.8938751220703,-75.94586181640625,5.0
529690.0,1.4315710067749023,180.00000711006123,180.00000711006123,180.00000711006123,0.0,0.0,0.0,0.0,0.0,0.0,0.0,0.0,0.0,0.0,0.0,0.0,0.0,0.0,0.0,0.0,0.0,0.0,0.0,0.0,0.0,-40.4773748903267,-70.6446269194953,-16.68778304479872,46.73380661010742,138.59922790527344,0.7714520692825317,107.65768432617188,-327.86773681640625,-271.87286376953125,-44.766963958740234,136.91883850097656,6.218310356140137,-7.323902606964111,167.2230224609375,-79.4861831665039,36.111083984375,163.9215087890625,-101.00521087646484,58.183841705322266,162.66770935058594,-97.10487365722656,91.73089599609375,133.85369873046875,-79.67071533203125,5.0
529691.0,1.4491610527038574,180.00000711006123,180.00000711006123,180.00000711006123,0.0,0.0,0.0,0.0,0.0,0.0,0.0,0.0,0.0,0.0,0.0,0.0,0.0,0.0,0.0,0.0,0.0,0.0,0.0,0.0,0.0,-42.30985660942338,-72.27267765925262,-16.223644364521874,48.381038665771484,133.95962524414062,-2.547065019607544,101.9618911743164,-300.48565673828125,-235.09190368652344,-43.425594329833984,132.33148193359375,3.4668948650360107,-5.3717851638793945,161.3717498779297,-83.85618591308594,38.729942321777344,157.3562774658203,-105.0974349975586,60.63814926147461,155.94383239746094,-100.95828247070312,94.67958068847656,127.37793731689453,-82.43745422363281,5.0
529692.0,1.4657220840454102,180.00000711006123,180.00000711006123,180.00000711006123,0.0,0.0,0.0,0.0,0.0,0.0,0.0,0.0,0.0,0.0,0.0,0.0,0.0,0.0,0.0,0.0,0.0,0.0,0.0,0.0,0.0,-45.76985289842128,-73.69215490989063,-16.72756377453652,50.21221923828125,129.9813690185547,-5.54412317276001,103.43950653076172,-267.1587829589844,-205.95130920410156,-41.77766418457031,129.73468017578125,1.2779074907302856,-3.2481610774993896,156.8933868408203,-87.51158905029297,41.26671600341797,151.91514587402344,-108.68856811523438,63.004703521728516,150.08653259277344,-104.41572570800781,97.13102722167969,121.27058410644531,-85.14698791503906,5.0
529693.0,1.4822559356689453,180.00000711006123,180.00000711006123,180.00000711006123,0.0,0.0,0.0,0.0,0.0,0.0,0.0,0.0,0.0,0.0,0.0,0.0,0.0,0.0,0.0,0.0,0.0,0.0,0.0,0.0,0.0,-47.537751763067035,-74.81132922978531,-16.523646766938214,51.803504943847656,126.69668579101562,-7.742677211761475,97.90788269042969,-230.94113159179688,-169.16603088378906,-40.3194694519043,126.70691680908203,-1.3115501403808594,-0.8882594704627991,152.31796264648438,-90.76669311523438,44.3759880065918,147.70016479492188,-111.44196319580078,65.65235137939453,145.1800537109375,-106.87260437011719,100.01235961914062,116.68759155273438,-86.65733337402344,5.0
529694.0,1.4996850490570068,180.00000711006123,180.00000711006123,180.00000711006123,0.0,0.0,0.0,0.0,0.0,0.0,0.0,0.0,0.0,0.0,0.0,0.0,0.0,0.0,0.0,0.0,0.0,0.0,0.0,0.0,0.0,-49.87228654296587,-75.91815456751647,-16.572830959725593,53.48491287231445,123.62604522705078,-10.138555526733398,97.7236557006836,-206.6529998779297,-155.28053283691406,-38.716373443603516,124.08788299560547,-3.537431240081787,1.095494031906128,148.218994140625,-93.79835510253906,46.7099609375,143.44818115234375,-114.2729721069336,67.77864074707031,140.65733337402344,-109.5551986694336,102.41544342041016,112.4706802368164,-88.68611907958984,5.0
529695.0,1.5121009349822998,180.00000711006123,180.00000711006123,180.00000711006123,0.0,0.0,0.0,0.0,0.0,0.0,0.0,0.0,0.0,0.0,0.0,0.0,0.0,0.0,0.0,0.0,0.0,0.0,0.0,0.0,0.0,-51.86144938835696,-76.80553275484272,-16.624899199923675,54.59343719482422,121.42210388183594,-12.03498363494873,82.21381378173828,-170.1231689453125,-134.2289276123047,-37.664459228515625,122.23372650146484,-5.576796054840088,2.724121570587158,145.4202117919922,-96.34632873535156,48.609840393066406,140.19422912597656,-116.52577209472656,69.58794403076172,137.54574584960938,-111.62042999267578,104.13883209228516,109.14207458496094,-90.17155456542969,5.0
529696.0,1.5272700786590576,180.00000711006123,180.00000711006123,180.00000711006123,0.0,0.0,0.0,0.0,0.0,0.0,0.0,0.0,0.0,0.0,0.0,0.0,0.0,0.0,0.0,0.0,0.0,0.0,0.0,0.0,0.0,-53.835797553265365,-77.44050812863406,-16.95098438753746,55.50155258178711,120.14896392822266,-13.149271011352539,68.41791534423828,-125.46054077148438,-101.90853118896484,-36.77781295776367,121.6860122680664,-6.7900567054748535,4.1420488357543945,143.8648223876953,-97.95293426513672,50.35219192504883,138.49908447265625,-117.89044952392578,71.13729858398438,135.6785125732422,-112.83919525146484,105.4360580444336,106.81534576416016,-90.97122192382812,5.0
529697.0,1.544663906097412,180.00000711006123,180.00000711006123,180.00000711006123,0.0,0.0,0.0,0.0,0.0,0.0,0.0,0.0,0.0,0.0,0.0,0.0,0.0,0.0,0.0,0.0,0.0,0.0,0.0,0.0,0.0,-55.12271790603904,-77.81914649988266,-17.207060135341408,56.18361282348633,119.29176330566406,-13.796327590942383,54.94108200073242,-90.28659057617188,-72.02909088134766,-36.1008186340332,121.37954711914062,-7.5270256996154785,5.3026347160339355,143.10935974121094,-98.96334075927734,51.5235595703125,137.3433074951172,-118.70279693603516,72.31758880615234,134.48074340820312,-113.53121948242188,106.52984619140625,105.4712142944336,-91.38712310791016,5.0
529698.0,1.5620958805084229,180.00000711006123,180.00000711006123,180.00000711006123,0.0,0.0,0.0,0.0,0.0,0.0,0.0,0.0,0.0,0.0,0.0,0.0,0.0,0.0,0.0,0.0,0.0,0.0,0.0,0.0,0.0,-56.16526433274089,-78.07492342690693,-17.487495753104554,56.77889633178711,118.69560241699219,-14.331554412841797,45.47125244140625,-64.55655670166016,-53.088714599609375,-35.48017883300781,121.34060668945312,-8.057933807373047,6.296558856964111,142.88194274902344,-99.73416900634766,52.34956741333008,136.4079132080078,-119.35050964355469,73.2440414428711,133.7709197998047,-114.09201049804688,107.3568344116211,104.59952545166016,-91.81375122070312,5.0
529699.0,1.5794610977172852,180.00000711006123,180.00000711006123,180.00000711006123,0.0,0.0,0.0,0.0,0.0,0.0,0.0,0.0,0.0,0.0,0.0,0.0,0.0,0.0,0.0,0.0,0.0,0.0,0.0,0.0,0.0,-56.89079094051067,-78.2296886851168,-17.720077357436708,57.262359619140625,118.35103607177734,-14.730432510375977,37.34312438964844,-43.92670440673828,-39.195648193359375,-34.92305374145508,121.49845886230469,-8.576194763183594,7.2443342208862305,143.10537719726562,-100.35357666015625,53.097103118896484,135.79525756835938,-119.830322265625,74.00320434570312,133.2902069091797,-114.50366973876953,108.13446044921875,104.24493408203125,-92.11135864257812,5.0
529700.0,1.596782922744751,180.00000711006123,180.00000711006123,180.00000711006123,0.0,0.0,0.0,0.0,0.0,0.0,0.0,0.0,0.0,0.0,0.0,0.0,0.0,0.0,0.0,0.0,0.0,0.0,0.0,0.0,0.0,-57.594491678532904,-78.3716473384834,-17.962610547505733,57.6370849609375,118.21207427978516,-15.005044937133789,30.070905685424805,-27.346338272094727,-28.406147003173828,-34.43495178222656,121.91754913330078,-8.833252906799316,7.988328456878662,143.48597717285156,-100.77667999267578,53.594810485839844,135.46905517578125,-120.16793823242188,74.5344009399414,133.10511779785156,-114.79833984375,108.60769653320312,104.055419921875,-92.37026977539062,5.0
529701.0,1.614227056503296,180.00000711006123,180.00000711006123,180.00000711006123,0.0,0.0,0.0,0.0,0.0,0.0,0.0,0.0,0.0,0.0,0.0,0.0,0.0,0.0,0.0,0.0,0.0,0.0,0.0,0.0,0.0,-58.858349897304834,-78.63431592646066,-18.400984046385247,58.246891021728516,118.42196655273438,-15.604503631591797,32.42751693725586,-9.153240203857422,-31.255142211914062,-33.62518310546875,123.07627868652344,-9.184796333312988,8.808961868286133,144.24072265625,-101.4190673828125,54.13393020629883,135.3279266357422,-120.84456634521484,75.20153045654297,133.32762145996094,-115.45575714111328,109.03103637695312,103.84534454345703,-93.0558853149414,5.0
529702.0,1.632572889328003,180.00000711006123,180.00000711006123,180.00000711006123,0.0,0.0,0.0,0.0,0.0,0.0,0.0,0.0,0.0,0.0,0.0,0.0,0.0,0.0,0.0,0.0,0.0,0.0,0.0,0.0,0.0,-60.37385277860494,-78.8500337935352,-19.115647238153315,58.7924919128418,118.89317321777344,-16.185161590576172,31.98091697692871,7.602155685424805,-32.281837463378906,-32.82757568359375,124.89537048339844,-9.619729995727539,9.708916664123535,145.5694580078125,-102.02513122558594,54.75965118408203,135.59300231933594,-121.49752807617188,75.84654235839844,133.70950317382812,-116.08712768554688,109.29902648925781,103.60528564453125,-93.7138442993164,5.0
529703.0,1.649899959564209,180.00000711006123,180.00000711006123,180.00000711006123,0.0,0.0,0.0,0.0,0.0,0.0,0.0,0.0,0.0,0.0,0.0,0.0,0.0,0.0,0.0,0.0,0.0,0.0,0.0,0.0,0.0,-61.919428983171656,-78.95604516088042,-20.094123074597974,59.19502258300781,119.62027740478516,-16.859140396118164,27.975862503051758,23.458820343017578,-35.36430358886719,-31.999025344848633,127.25840759277344,-10.419142723083496,10.652202606201172,147.49403381347656,-102.70661163330078,55.34378433227539,136.22085571289062,-122.22018432617188,76.32982635498047,134.0625762939453,-116.81590270996094,109.34420013427734,103.42940521240234,-94.45325469970703,5.0
529704.0,1.6665830612182617,180.00000711006123,180.00000711006123,180.00000711006123,0.0,0.0,0.0,0.0,0.0,0.0,0.0,0.0,0.0,0.0,0.0,0.0,0.0,0.0,0.0,0.0,0.0,0.0,0.0,0.0,0.0,-64.73967559609264,-79.42381067164888,-21.589067086256364,59.65462112426758,120.78169250488281,-17.587785720825195,27.271066665649414,43.49775314331055,-38.398990631103516,-30.49661636352539,130.2838897705078,-11.90514850616455,11.44517993927002,149.74037170410156,-103.32976531982422,55.523677825927734,136.6869659423828,-123.05072021484375,76.41846466064453,134.04888916015625,-117.76692962646484,108.81456756591797,102.80122375488281,-95.41034698486328,5.0
529705.0,1.6844289302825928,180.00000711006123,180.00000711006123,180.00000711006123,0.0,0.0,0.0,0.0,0.0,0.0,0.0,0.0,0.0,0.0,0.0,0.0,0.0,0.0,0.0,0.0,0.0,0.0,0.0,0.0,0.0,-71.6736837224289,-81.51617767660355,-24.243524515518402,59.98162841796875,122.989013671875,-19.093297958374023,23.36053466796875,82.06702423095703,-60.670475006103516,-28.369691848754883,134.95037841796875,-14.693770408630371,11.645040512084961,152.11785888671875,-104.7823257446289,54.371002197265625,135.68841552734375,-124.92333221435547,74.91128540039062,132.0286102294922,-119.98121643066406,106.30752563476562,100.33326721191406,-97.32935333251953,5.0
529706.0,1.7020928859710693,180.00000711006123,180.00000711006123,180.00000711006123,0.0,0.0,0.0,0.0,0.0,0.0,0.0,0.0,0.0,0.0,0.0,0.0,0.0,0.0,0.0,0.0,0.0,0.0,0.0,0.0,0.0,-81.30368365885488,-85.41724709678192,-27.65641128171353,60.04928970336914,125.06531524658203,-20.29561424255371,14.394611358642578,99.49010467529297,-64.70001220703125,-25.3875675201416,136.7333984375,-19.498580932617188,11.355180740356445,153.92019653320312,-105.99212646484375,51.26470184326172,131.8194122314453,-126.41400909423828,70.428955078125,126.047607421875,-121.89148712158203,100.65477752685547,95.14508819580078,-98.78724670410156,5.0
529707.0,1.720573902130127,180.00000711006123,180.00000711006123,180.00000711006123,0.0,0.0,0.0,0.0,0.0,0.0,0.0,0.0,0.0,0.0,0.0,0.0,0.0,0.0,0.0,0.0,0.0,0.0,0.0,0.0,0.0,-77.94475368018539,-81.05798809116322,-36.38152554821886,63.269222259521484,130.28884887695312,-13.694921493530273,93.38557434082031,192.4993438720703,140.6993408203125,-14.424819946289062,137.96835327148438,-27.91303253173828,17.4598445892334,155.8326416015625,-100.00157165527344,42.31711196899414,131.57872009277344,-116.83952331542969,59.36552047729492,115.1531753540039,-111.64282989501953,87.19210815429688,90.36457824707031,-91.10030364990234,5.0
529708.0,1.7468039989471436,180.00000711006123,180.00000711006123,180.00000711006123,0.0,0.0,0.0,0.0,0.0,0.0,0.0,0.0,0.0,0.0,0.0,0.0,0.0,0.0,0.0,0.0,0.0,0.0,0.0,0.0,0.0,-87.08215353773085,-87.10204304882609,-44.80376361018102,66.33216094970703,133.37562561035156,-11.600973129272461,131.63067626953125,185.56808471679688,131.3222198486328,-4.968598365783691,138.1868133544922,-31.435192108154297,19.368587493896484,153.51026916503906,-97.83341979980469,38.08833694458008,127.02215576171875,-112.74761962890625,44.51567840576172,102.38156127929688,-99.74813079833984,71.03633117675781,83.19745635986328,-82.25160217285156,5.0
529709.0,1.7632849216461182,180.00000711006123,180.00000711006123,180.00000711006123,0.0,0.0,0.0,0.0,0.0,0.0,0.0,0.0,0.0,0.0,0.0,0.0,0.0,0.0,0.0,0.0,0.0,0.0,0.0,0.0,0.0,-90.06825080601402,-90.07693197655044,-48.422872572846245,68.16870880126953,135.49844360351562,-10.479521751403809,119.73941802978516,156.4034881591797,100.55487060546875,1.1928166151046753,135.9490966796875,-33.67432403564453,20.682279586791992,152.74270629882812,-96.7287826538086,38.2664794921875,125.70623016357422,-110.84597778320312,36.59422302246094,98.0612564086914,-89.88504028320312,62.82168197631836,81.92953491210938,-75.1395263671875,5.0
529710.0,1.7790729999542236,180.00000711006123,180.00000711006123,180.00000711006123,0.0,0.0,0.0,0.0,0.0,0.0,0.0,0.0,0.0,0.0,0.0,0.0,0.0,0.0,0.0,0.0,0.0,0.0,0.0,0.0,0.0,-89.84712342905368,-89.81254218088225,-50.801844564003886,69.77876281738281,136.58958435058594,-9.409239768981934,107.29317474365234,113.23619079589844,82.60862731933594,6.210774898529053,134.39556884765625,-35.50123977661133,20.571271896362305,149.73117065429688,-94.14105224609375,40.99065017700195,126.28121185302734,-110.03929901123047,35.4953498840332,98.1444091796875,-85.81575012207031,57.33502960205078,82.9354248046875,-69.520263671875,5.0
529711.0,1.7961759567260742,180.00000711006123,180.00000711006123,180.00000711006123,0.0,0.0,0.0,0.0,0.0,0.0,0.0,0.0,0.0,0.0,0.0,0.0,0.0,0.0,0.0,0.0,0.0,0.0,0.0,0.0,0.0,-90.95073857783746,-91.33571536470981,-54.559872745819575,71.60787200927734,137.41395568847656,-7.741367816925049,106.4819107055664,82.9559555053711,88.8895263671875,10.763145446777344,133.9405517578125,-35.425682067871094,20.238563537597656,147.33993530273438,-90.37020874023438,42.81901550292969,125.17113494873047,-108.14752960205078,33.10122299194336,97.8585205078125,-80.25045013427734,52.52764129638672,83.40099334716797,-63.2454833984375,5.0
529712.0,1.8136420249938965,180.00000711006123,180.00000711006123,180.00000711006123,0.0,0.0,0.0,0.0,0.0,0.0,0.0,0.0,0.0,0.0,0.0,0.0,0.0,0.0,0.0,0.0,0.0,0.0,0.0,0.0,0.0,-96.92386202014177,-101.53396655614642,-59.2443717031324,72.7930908203125,138.14608764648438,-6.561635494232178,88.78028106689453,64.0823745727539,79.17145538330078,11.153636932373047,136.50033569335938,-30.854631423950195,15.60755443572998,144.85842895507812,-84.89279174804688,36.896358489990234,120.95891571044922,-103.9013442993164,24.042470932006836,96.55439758300781,-69.42125701904297,45.42146682739258,82.38134765625,-55.80751037597656,5.0
529713.0,1.8301410675048828,180.00000711006123,180.00000711006123,180.00000711006123,0.0,0.0,0.0,0.0,0.0,0.0,0.0,0.0,0.0,0.0,0.0,0.0,0.0,0.0,0.0,0.0,0.0,0.0,0.0,0.0,0.0,-100.84730031011304,-109.2208732736708,-61.20674654628601,73.4770278930664,138.55636596679688,-6.310990333557129,66.07599639892578,45.475215911865234,49.364234924316406,11.659765243530273,136.32867431640625,-27.94789695739746,10.864840507507324,142.94078063964844,-79.839111328125,0.6228845715522766,116.12476348876953,-58.310909271240234,17.253360748291016,97.07366943359375,-59.78132629394531,40.30306625366211,82.67389678955078,-49.79222106933594,5.0
529714.0,1.8415319919586182,180.00000711006123,180.00000711006123,180.00000711006123,0.0,0.0,0.0,0.0,0.0,0.0,0.0,0.0,0.0,0.0,0.0,0.0,0.0,0.0,0.0,0.0,0.0,0.0,0.0,0.0,0.0,-103.84260467350487,-116.3591723604668,-63.55960330884727,73.69355010986328,138.47628784179688,-5.771101474761963,41.301692962646484,22.33542251586914,40.907047271728516,11.68624496459961,137.05569458007812,-25.007383346557617,6.940598964691162,142.57078552246094,-74.95030212402344,-2.5612270832061768,118.7735824584961,-30.88671112060547,12.835640907287598,98.149169921875,-53.720279693603516,35.774471282958984,83.33238220214844,-45.047306060791016,5.0
529715.0,1.8564739227294922,180.00000711006123,180.00000711006123,180.00000711006123,0.0,0.0,0.0,0.0,0.0,0.0,0.0,0.0,0.0,0.0,0.0,0.0,0.0,0.0,0.0,0.0,0.0,0.0,0.0,0.0,0.0,-106.7587334831137,-122.97518053571366,-65.10196249427736,73.76641845703125,138.5146942138672,-5.486181735992432,24.24223518371582,13.083056449890137,29.675251007080078,10.645722389221191,141.03468322753906,-22.027158737182617,2.6266164779663086,142.6943817138672,-69.3157730102539,-1.1772305965423584,121.57928466796875,-16.058326721191406,9.41246509552002,99.35382843017578,-49.38382339477539,32.19418716430664,84.20755004882812,-41.5557746887207,5.0
529716.0,1.8735699653625488,180.00000711006123,180.00000711006123,180.00000711006123,0.0,0.0,0.0,0.0,0.0,0.0,0.0,0.0,0.0,0.0,0.0,0.0,0.0,0.0,0.0,0.0,0.0,0.0,0.0,0.0,0.0,-111.8146171506919,-133.86492008679397,-67.39073842129756,73.47553253173828,138.52169799804688,-4.737158298492432,5.352283477783203,7.2564568519592285,35.986385345458984,8.760725975036621,156.14903259277344,-16.2386417388916,-3.7393798828125,144.2382049560547,-60.0378303527832,-0.3979908227920532,125.38629913330078,-4.158262729644775,3.8054680824279785,101.66902923583984,-41.84758758544922,26.399658203125,85.80390930175781,-35.632171630859375,5.0
529717.0,1.891266107559204,180.00000711006123,180.00000711006123,180.00000711006123,0.0,0.0,0.0,0.0,0.0,0.0,0.0,0.0,0.0,0.0,0.0,0.0,0.0,0.0,0.0,0.0,0.0,0.0,0.0,0.0,0.0,-117.63339880651984,-145.4772526793613,-70.19512533478064,73.14885711669922,137.7200469970703,-2.377504825592041,-5.804416656494141,-17.406192779541016,82.08927154541016,9.620299339294434,164.36524963378906,-7.66935396194458,-10.098661422729492,147.10647583007812,-45.810150146484375,0.6094996929168701,129.350341796875,8.27143669128418,-2.216010093688965,105.006591796875,-31.205638885498047,19.881362915039062,87.89125061035156,-27.17645835876465,5.0
529718.0,1.9090080261230469,180.00000711006123,180.00000711006123,180.00000711006123,0.0,0.0,0.0,0.0,0.0,0.0,0.0,0.0,0.0,0.0,0.0,0.0,0.0,0.0,0.0,0.0,0.0,0.0,0.0,0.0,0.0,-121.1363296651416,-146.8340151323082,-68.4557903215773,73.72979736328125,137.48162841796875,1.2721285820007324,12.314577102661133,-15.68456745147705,141.05172729492188,11.245558738708496,167.4045867919922,4.117518424987793,-13.402726173400879,152.21725463867188,-29.525590896606445,3.580556869506836,130.02474975585938,19.4556884765625,-4.9894866943359375,109.50335693359375,-22.871498107910156,16.680234909057617,91.67609405517578,-21.968286514282227,5.0
529719.0,1.9262619018554688,180.00000711006123,180.00000711006123,180.00000711006123,0.0,0.0,0.0,0.0,0.0,0.0,0.0,0.0,0.0,0.0,0.0,0.0,0.0,0.0,0.0,0.0,0.0,0.0,0.0,0.0,0.0,-117.46373690555629,-135.13340917387723,-62.6453073456878,71.84030151367188,138.28683471679688,10.46642780303955,-43.626033782958984,12.967945098876953,320.5702819824219,10.111817359924316,167.8899383544922,21.95807456970215,-15.889273643493652,160.34500122070312,-11.858603477478027,5.767734527587891,126.73420715332031,31.218982696533203,-7.883398532867432,117.98474884033203,-16.927040100097656,13.313258171081543,100.21973419189453,-20.12157440185547,5.0
529720.0,1.9445500373840332,180.00000711006123,180.00000711006123,180.00000711006123,0.0,0.0,0.0,0.0,0.0,0.0,0.0,0.0,0.0,0.0,0.0,0.0,0.0,0.0,0.0,0.0,0.0,0.0,0.0,0.0,0.0,-116.80507443544684,-133.5647605900249,-62.0220389162705,69.59860229492188,136.19239807128906,18.113767623901367,-83.21835327148438,-48.75522232055664,376.57952880859375,10.391077995300293,167.263671875,36.93225860595703,-17.814855575561523,165.07492065429688,4.577245235443115,7.695139408111572,124.1370620727539,43.10348892211914,-12.373804092407227,123.62655639648438,-6.1347551345825195,7.49190092086792,105.31600189208984,-11.476226806640625,5.0
529721.0,1.9623949527740479,180.00000711006123,180.00000711006123,180.00000711006123,0.0,0.0,0.0,0.0,0.0,0.0,0.0,0.0,0.0,0.0,0.0,0.0,0.0,0.0,0.0,0.0,0.0,0.0,0.0,0.0,0.0,-120.19641366210635,-138.82444344443684,-63.0237817923944,67.74315643310547,131.47532653808594,19.178382873535156,-94.11959838867188,-151.6533966064453,230.98345947265625,13.986783981323242,165.18675231933594,47.52517318725586,-17.76456642150879,168.19532775878906,18.667110443115234,10.692498207092285,120.8863296508789,50.95924377441406,-16.790658950805664,127.05236053466797,5.765438079833984,0.45166483521461487,108.27793884277344,-4.208205223083496,5.0
529722.0,1.9794120788574219,180.00000711006123,180.00000711006123,180.00000711006123,0.0,0.0,0.0,0.0,0.0,0.0,0.0,0.0,0.0,0.0,0.0,0.0,0.0,0.0,0.0,0.0,0.0,0.0,0.0,0.0,0.0,-124.4306665440763,-142.2116299160325,-62.009082047263746,63.7090950012207,132.47552490234375,21.139184951782227,-158.06869506835938,-55.14073944091797,176.68658447265625,14.559433937072754,166.4198455810547,56.71369171142578,-19.877140045166016,172.1050567626953,31.50230598449707,12.227997779846191,121.04347229003906,58.473697662353516,-21.066909790039062,130.55882263183594,18.929197311401367,-6.319924831390381,112.78913116455078,4.310035228729248,5.0
529723.0,1.9969370365142822,180.00000711006123,180.00000711006123,180.00000711006123,0.0,0.0,0.0,0.0,0.0,0.0,0.0,0.0,0.0,0.0,0.0,0.0,0.0,0.0,0.0,0.0,0.0,0.0,0.0,0.0,0.0,-132.36096705551518,-149.24884220193235,-61.5186334779969,57.296451568603516,135.189697265625,26.93684959411621,-255.8673553466797,42.48946762084961,249.54225158691406,16.173526763916016,171.02420043945312,70.07958221435547,-21.43863868713379,178.80096435546875,50.66910934448242,13.771636962890625,124.79147338867188,71.70410919189453,-25.406789779663086,136.1675262451172,40.59904098510742,3.0135178565979004,113.97962188720703,40.517330169677734,5.0
529724.0,2.0137939453125,180.00000711006123,180.00000711006123,180.00000711006123,0.0,0.0,0.0,0.0,0.0,0.0,0.0,0.0,0.0,0.0,0.0,0.0,0.0,0.0,0.0,0.0,0.0,0.0,0.0,0.0,0.0,-146.05889793549068,-162.6850129091008,-65.1455664224477,51.99905776977539,130.25057983398438,29.672630310058594,-278.3304138183594,-108.40870666503906,206.85777282714844,12.663949966430664,157.90567016601562,72.06661224365234,-15.60101318359375,182.81260681152344,66.13971710205078,20.891197204589844,127.34239196777344,83.81471252441406,-23.863771438598633,139.33741760253906,62.95541763305664,11.377106666564941,112.40076446533203,59.6531982421875,5.0
529725.0,2.03157901763916,180.00000711006123,180.00000711006123,180.00000711006123,0.0,0.0,0.0,0.0,0.0,0.0,0.0,0.0,0.0,0.0,0.0,0.0,0.0,0.0,0.0,0.0,0.0,0.0,0.0,0.0,0.0,-142.02848522148997,-156.21148248160353,-60.54250381155953,56.15044403076172,135.32386779785156,40.78418731689453,-39.54104995727539,76.539794921875,407.03515625,11.870409965515137,152.77328491210938,80.02027893066406,-11.333466529846191,185.26565551757812,80.9427490234375,23.051860809326172,126.71121978759766,92.76871490478516,-20.693191528320312,142.8055877685547,72.05573272705078,18.851001739501953,113.62759399414062,66.61803436279297,5.0
529726.0,2.048022985458374,180.00000711006123,180.00000711006123,180.00000711006123,0.0,0.0,0.0,0.0,0.0,0.0,0.0,0.0,0.0,0.0,0.0,0.0,0.0,0.0,0.0,0.0,0.0,0.0,0.0,0.0,0.0,-140.92292346877002,-152.69277388581486,-57.550798957902316,58.14727020263672,136.54180908203125,47.54882049560547,31.810781478881836,73.6278076171875,399.199951171875,13.856956481933594,149.94558715820312,86.29090881347656,-5.501371383666992,185.67733764648438,94.43522644042969,25.92588996887207,124.20392608642578,98.98027038574219,-17.34491729736328,144.80296325683594,81.49343872070312,21.724246978759766,113.75554656982422,71.62936401367188,5.0
529727.0,2.065864086151123,180.00000711006123,180.00000711006123,180.00000711006123,0.0,0.0,0.0,0.0,0.0,0.0,0.0,0.0,0.0,0.0,0.0,0.0,0.0,0.0,0.0,0.0,0.0,0.0,0.0,0.0,0.0,-151.42582842150205,-147.16103093320726,-40.15915295808668,55.30248260498047,147.8441925048828,52.80140686035156,-58.529945373535156,340.2928771972656,354.7712707519531,15.08815860748291,150.33245849609375,96.536376953125,-4.529412746429443,185.3837127685547,113.46527862548828,34.02696228027344,127.65546417236328,106.81355285644531,-13.409037590026855,143.98304748535156,99.00462341308594,26.698444366455078,118.91674041748047,79.69998931884766,5.0
529728.0,2.0829670429229736,180.00000711006123,180.00000711006123,180.00000711006123,0.0,0.0,0.0,0.0,0.0,0.0,0.0,0.0,0.0,0.0,0.0,0.0,0.0,0.0,0.0,0.0,0.0,0.0,0.0,0.0,0.0,-169.71210285453253,-144.49462067275817,-14.27438433850142,61.30270004272461,169.03895568847656,57.811195373535156,128.00123596191406,746.3758544921875,323.9758605957031,26.340749740600586,156.6254119873047,103.4224853515625,-1.6916084289550781,186.18017578125,124.1902084350586,53.91659927368164,144.97727966308594,113.49581909179688,3.5429201126098633,143.5347442626953,111.03418731689453,47.25685119628906,133.17291259765625,87.6171875,5.0
529729.0,2.1005170345306396,180.00000711006123,180.00000711006123,180.00000711006123,0.0,0.0,0.0,0.0,0.0,0.0,0.0,0.0,0.0,0.0,0.0,0.0,0.0,0.0,0.0,0.0,0.0,0.0,0.0,0.0,0.0,175.0764515290075,-144.96392297610782,7.004365052024184,56.899620056152344,175.54920959472656,65.77378845214844,-48.14094161987305,575.7530517578125,386.6073913574219,31.123136520385742,155.12557983398438,113.80384063720703,1.2927262783050537,182.39306640625,140.13619995117188,61.612125396728516,151.8794403076172,121.77085876464844,12.914559364318848,141.12261962890625,126.23285675048828,53.84505081176758,138.42684936523438,97.12430572509766,5.0
529730.0,2.1172358989715576,180.00000711006123,180.00000711006123,180.00000711006123,0.0,0.0,0.0,0.0,0.0,0.0,0.0,0.0,0.0,0.0,0.0,0.0,0.0,0.0,0.0,0.0,0.0,0.0,0.0,0.0,0.0,168.71336526167852,-145.38331025642037,16.12581897899247,55.145870208740234,176.9451141357422,67.67125701904297,-72.60050201416016,347.4311218261719,258.8364562988281,35.200347900390625,149.70806884765625,114.10972595214844,5.563360691070557,181.7281036376953,146.29258728027344,65.36778259277344,154.08457946777344,123.25890350341797,18.248838424682617,141.0314178466797,131.53858947753906,56.40370178222656,140.02613830566406,99.38143157958984,5.0
529731.0,2.134669065475464,180.00000711006123,180.00000711006123,180.00000711006123,0.0,0.0,0.0,0.0,0.0,0.0,0.0,0.0,0.0,0.0,0.0,0.0,0.0,0.0,0.0,0.0,0.0,0.0,0.0,0.0,0.0,168.1644092912984,-145.69728039585243,17.07543385076235,55.29336929321289,177.211181640625,68.45326232910156,-35.128700256347656,193.9425811767578,160.00384521484375,36.50228500366211,147.31417846679688,113.35520935058594,6.7814154624938965,182.307373046875,147.68182373046875,66.06038665771484,154.71322631835938,124.07759857177734,19.09086799621582,141.64463806152344,132.83892822265625,56.92522048950195,140.48812866210938,100.37882995605469,5.0
529732.0,2.1523380279541016,180.00000711006123,180.00000711006123,180.00000711006123,0.0,0.0,0.0,0.0,0.0,0.0,0.0,0.0,0.0,0.0,0.0,0.0,0.0,0.0,0.0,0.0,0.0,0.0,0.0,0.0,0.0,170.0838973761529,-144.24204027430278,13.645468196348247,56.06098937988281,179.25270080566406,73.28570556640625,1.4858800172805786,158.87564086914062,214.8374481201172,35.85887908935547,147.27781677246094,115.88249969482422,6.074285984039307,182.36415100097656,151.49630737304688,64.8901138305664,155.17471313476562,128.58425903320312,17.62071990966797,142.38417053222656,135.5406951904297,56.38810348510742,141.67462158203125,104.25086212158203,5.0
529733.0,2.169610023498535,180.00000711006123,180.00000711006123,180.00000711006123,0.0,0.0,0.0,0.0,0.0,0.0,0.0,0.0,0.0,0.0,0.0,0.0,0.0,0.0,0.0,0.0,0.0,0.0,0.0,0.0,0.0,162.62638256458104,-147.2491403745289,25.938442808030686,51.096534729003906,182.2642059326172,81.51301574707031,-131.25540161132812,165.7095184326172,334.60400390625,37.576141357421875,148.95046997070312,125.61298370361328,5.732064247131348,180.98294067382812,162.28326416015625,65.498779296875,161.7218017578125,137.0779571533203,20.89484214782715,142.82467651367188,146.62193298339844,58.04181671142578,146.28762817382812,113.56512451171875,5.0
529734.0,2.1887240409851074,180.00000711006123,180.00000711006123,180.00000711006123,0.0,0.0,0.0,0.0,0.0,0.0,0.0,0.0,0.0,0.0,0.0,0.0,0.0,0.0,0.0,0.0,0.0,0.0,0.0,0.0,0.0,162.72122657250293,-143.86684431843605,23.07644324822604,49.868675231933594,183.24684143066406,82.34357452392578,-103.2545394897461,115.27228546142578,202.09451293945312,35.66694259643555,147.29359436035156,123.87512969970703,5.2401251792907715,177.7774200439453,163.11691284179688,63.7094612121582,159.40052795410156,136.72177124023438,18.751420974731445,140.7649383544922,145.02313232421875,56.21598815917969,145.4534454345703,112.31478118896484,5.0
529735.0,2.2085769176483154,180.00000711006123,180.00000711006123,180.00000711006123,0.0,0.0,0.0,0.0,0.0,0.0,0.0,0.0,0.0,0.0,0.0,0.0,0.0,0.0,0.0,0.0,0.0,0.0,0.0,0.0,0.0,158.05373478642196,-150.02613139893128,34.939723824018074,46.14398956298828,181.4312286376953,84.94832611083984,-154.768798828125,13.83630657196045,178.2564697265625,37.171302795410156,148.056640625,129.80618286132812,6.520474433898926,179.3765106201172,168.2928466796875,64.46517944335938,164.1315460205078,140.46481323242188,21.548608779907227,142.45277404785156,152.60154724121094,57.58702087402344,147.51312255859375,117.52759552001953,5.0
529736.0,2.2285549640655518,180.00000711006123,180.00000711006123,180.00000711006123,0.0,0.0,0.0,0.0,0.0,0.0,0.0,0.0,0.0,0.0,0.0,0.0,0.0,0.0,0.0,0.0,0.0,0.0,0.0,0.0,0.0,159.2618723212945,-150.46434268081612,33.75299893244346,45.655616760253906,180.4879913330078,86.52218627929688,-96.20610809326172,-17.627634048461914,137.6853790283203,35.72513198852539,147.25399780273438,131.18788146972656,5.553089141845703,178.99754333496094,169.46083068847656,62.980499267578125,163.4561767578125,142.4266815185547,19.448457717895508,142.2089385986328,153.9652557373047,56.97996139526367,147.115234375,118.79134368896484,5.0
529737.0,2.2448930740356445,180.00000711006123,180.00000711006123,180.00000711006123,0.0,0.0,0.0,0.0,0.0,0.0,0.0,0.0,0.0,0.0,0.0,0.0,0.0,0.0,0.0,0.0,0.0,0.0,0.0,0.0,0.0,159.1623564639258,-150.03412272035348,33.43097599988596,45.46416091918945,180.63922119140625,86.46577453613281,-56.927066802978516,-5.4749836921691895,72.68222045898438,35.55014419555664,146.91050720214844,130.6949462890625,6.436892509460449,178.2006378173828,169.6532745361328,62.84257507324219,163.19534301757812,142.21551513671875,19.13274383544922,141.9153289794922,153.59303283691406,57.230064392089844,147.3061981201172,117.94612884521484,5.0
529738.0,2.2622718811035156,180.00000711006123,180.00000711006123,180.00000711006123,0.0,0.0,0.0,0.0,0.0,0.0,0.0,0.0,0.0,0.0,0.0,0.0,0.0,0.0,0.0,0.0,0.0,0.0,0.0,0.0,0.0,159.08987449560755,-149.7683873774031,33.24971985267098,45.210792541503906,180.7949981689453,86.37576293945312,-37.417076110839844,1.1935373544692993,36.77250671386719,35.32595443725586,146.70846557617188,130.28469848632812,7.037037372589111,177.59727478027344,169.72653198242188,62.606956481933594,163.0935821533203,142.0345001220703,18.81966209411621,141.7382354736328,153.2724609375,57.29780578613281,147.51365661621094,117.3108139038086,5.0
529739.0,2.27731990814209,180.00000711006123,180.00000711006123,180.00000711006123,0.0,0.0,0.0,0.0,0.0,0.0,0.0,0.0,0.0,0.0,0.0,0.0,0.0,0.0,0.0,0.0,0.0,0.0,0.0,0.0,0.0,160.0269628002934,-148.64394698159686,30.813288894449897,45.73655319213867,181.4175567626953,86.27394104003906,-6.170124053955078,17.200546264648438,17.098203659057617,34.86177444458008,146.5005645751953,129.24559020996094,6.957006931304932,176.7904815673828,169.1234130859375,62.16041946411133,162.4791259765625,141.80194091796875,17.8770809173584,141.3839569091797,151.97607421875,57.24388885498047,147.58169555664062,116.43195343017578,5.0
529740.0,2.290968894958496,180.00000711006123,180.00000711006123,180.00000711006123,0.0,0.0,0.0,0.0,0.0,0.0,0.0,0.0,0.0,0.0,0.0,0.0,0.0,0.0,0.0,0.0,0.0,0.0,0.0,0.0,0.0,160.7395154635833,-148.6345486411892,29.822204528650218,45.88766860961914,182.3353271484375,85.87981414794922,0.6935527920722961,33.70320129394531,-1.2664058208465576,34.5125732421875,147.1112518310547,128.435546875,6.7457194328308105,176.8553009033203,168.26571655273438,61.55107498168945,163.2617950439453,141.5598907470703,17.134437561035156,141.91656494140625,150.9423370361328,57.19872283935547,148.52505493164062,115.90252685546875,5.0
529741.0,2.308795928955078,180.00000711006123,180.00000711006123,180.00000711006123,0.0,0.0,0.0,0.0,0.0,0.0,0.0,0.0,0.0,0.0,0.0,0.0,0.0,0.0,0.0,0.0,0.0,0.0,0.0,0.0,0.0,162.40523469705295,-148.5293910475002,27.388044608354676,46.70218276977539,182.55123901367188,85.03440856933594,22.054431915283203,23.932111740112305,-23.18584632873535,33.936561584472656,147.316162109375,127.15608978271484,6.41002893447876,177.0889434814453,166.66622924804688,60.88872528076172,163.176513671875,140.98428344726562,15.899394035339355,142.37754821777344,149.29742431640625,56.97616958618164,148.5931854248047,115.11454010009766,5.0
529742.0,2.325579881668091,180.00000711006123,180.00000711006123,180.00000711006123,0.0,0.0,0.0,0.0,0.0,0.0,0.0,0.0,0.0,0.0,0.0,0.0,0.0,0.0,0.0,0.0,0.0,0.0,0.0,0.0,0.0,162.37873356276395,-149.97674913065566,28.794588895648303,46.19492721557617,182.03330993652344,83.71971130371094,-1.6170129776000977,-0.8899059295654297,-47.4307746887207,33.71742248535156,147.64012145996094,126.59258270263672,6.615536212921143,177.93267822265625,165.6174774169922,60.54161071777344,164.0878448486328,140.1051025390625,15.599644660949707,143.15870666503906,148.88233947753906,56.80923843383789,148.92739868164062,114.4565200805664,5.0
529743.0,2.342771053314209,180.00000711006123,180.00000711006123,180.00000711006123,0.0,0.0,0.0,0.0,0.0,0.0,0.0,0.0,0.0,0.0,0.0,0.0,0.0,0.0,0.0,0.0,0.0,0.0,0.0,0.0,0.0,164.60384529578732,-149.91747674834642,25.425423878388074,47.3605842590332,181.90646362304688,83.43868255615234,30.14259147644043,-3.8550024032592773,-33.04669952392578,33.03669738769531,147.68934631347656,125.86510467529297,6.0352396965026855,178.1262969970703,164.275390625,59.70064163208008,163.67044067382812,140.2097625732422,14.035988807678223,143.54124450683594,147.5648193359375,56.59017562866211,148.67239379882812,114.25484466552734,5.0
529744.0,2.3604118824005127,180.00000711006123,180.00000711006123,180.00000711006123,0.0,0.0,0.0,0.0,0.0,0.0,0.0,0.0,0.0,0.0,0.0,0.0,0.0,0.0,0.0,0.0,0.0,0.0,0.0,0.0,0.0,165.41053162731714,-153.33688805282236,27.399915477270724,47.33686828613281,180.50303649902344,82.41693115234375,15.569690704345703,-39.36078643798828,-44.908687591552734,32.988643646240234,148.2596435546875,126.20137023925781,5.8043012619018555,180.73983764648438,163.07498168945312,59.15803527832031,165.61770629882812,140.2902069091797,13.60407829284668,145.59165954589844,148.27273559570312,56.72932434082031,149.28433227539062,114.81156921386719,5.0
529745.0,2.377997875213623,180.00000711006123,180.00000711006123,180.00000711006123,0.0,0.0,0.0,0.0,0.0,0.0,0.0,0.0,0.0,0.0,0.0,0.0,0.0,0.0,0.0,0.0,0.0,0.0,0.0,0.0,0.0,163.02014297482856,-151.38033936109878,29.230836498123836,45.41148376464844,182.63063049316406,81.74443054199219,-42.87516784667969,35.40077209472656,-42.19287109375,33.21571731567383,147.99209594726562,124.11528778076172,6.4238386154174805,179.1401824951172,163.5343475341797,59.048770904541016,165.95448303222656,138.76943969726562,14.209734916687012,144.80813598632812,147.21897888183594,56.411903381347656,150.58432006835938,112.51058959960938,5.0
529746.0,2.394340991973877,180.00000711006123,180.00000711006123,180.00000711006123,0.0,0.0,0.0,0.0,0.0,0.0,0.0,0.0,0.0,0.0,0.0,0.0,0.0,0.0,0.0,0.0,0.0,0.0,0.0,0.0,0.0,160.12835012951655,-152.67933207337137,34.9785056385781,41.889137268066406,181.33641052246094,80.78702545166016,-116.73641967773438,-15.35604476928711,-48.169124603271484,32.5765266418457,146.99588012695312,123.7863998413086,7.6295270919799805,180.45555114746094,164.73208618164062,58.634857177734375,166.3786163330078,137.501220703125,14.503731727600098,145.6692657470703,149.04530334472656,54.7414665222168,150.34130859375,111.55621337890625,5.0
529747.0,2.4116220474243164,180.00000711006123,180.00000711006123,180.00000711006123,0.0,0.0,0.0,0.0,0.0,0.0,0.0,0.0,0.0,0.0,0.0,0.0,0.0,0.0,0.0,0.0,0.0,0.0,0.0,0.0,0.0,158.09085003480504,-153.6567867965232,39.08392749091945,39.73859405517578,181.812255859375,80.2970962524414,-119.92948150634766,4.388949871063232,-38.92373275756836,32.70526885986328,147.34268188476562,123.41801452636719,8.041169166564941,181.69635009765625,165.25245666503906,58.40243911743164,168.08181762695312,136.7584991455078,15.350000381469727,146.8490447998047,149.87594604492188,54.21837615966797,151.66116333007812,110.87467193603516,5.0
529748.0,2.4305670261383057,180.00000711006123,180.00000711006123,180.00000711006123,0.0,0.0,0.0,0.0,0.0,0.0,0.0,0.0,0.0,0.0,0.0,0.0,0.0,0.0,0.0,0.0,0.0,0.0,0.0,0.0,0.0,153.82666726354273,-162.49099455327269,57.30451599393518,39.19842529296875,183.858154296875,86.6805419921875,-78.97449493408203,56.78151321411133,148.8194580078125,39.437522888183594,152.62705993652344,132.7189483642578,9.401448249816895,185.33934020996094,172.33396911621094,60.952659606933594,178.78294372558594,143.50772094726562,23.07112693786621,151.3010711669922,159.63441467285156,59.72346496582031,159.8267822265625,118.84825134277344,5.0
529749.0,2.4468178749084473,180.00000711006123,180.00000711006123,180.00000711006123,0.0,0.0,0.0,0.0,0.0,0.0,0.0,0.0,0.0,0.0,0.0,0.0,0.0,0.0,0.0,0.0,0.0,0.0,0.0,0.0,0.0,151.78255554563748,-158.72645378600737,54.035068324626536,36.74557876586914,184.24908447265625,85.81570434570312,-107.78543090820312,40.9867057800293,57.16716766357422,38.01945495605469,150.5574951171875,130.0476531982422,9.493122100830078,181.37271118164062,172.3519744873047,60.1384162902832,175.7825469970703,141.60630798339844,22.652584075927734,147.9865264892578,157.3241424560547,58.071834564208984,158.36944580078125,115.67045593261719,5.0
529750.0,2.463602066040039,180.00000711006123,180.00000711006123,180.00000711006123,0.0,0.0,0.0,0.0,0.0,0.0,0.0,0.0,0.0,0.0,0.0,0.0,0.0,0.0,0.0,0.0,0.0,0.0,0.0,0.0,0.0,150.97838272375157,-159.84196029427494,56.50850524820271,36.05479049682617,184.09725952148438,85.14873504638672,-76.40546417236328,18.03127098083496,13.044723510742188,38.232906341552734,151.31382751464844,130.0052947998047,9.946846961975098,182.81088256835938,172.18032836914062,60.32106399536133,176.84283447265625,140.76202392578125,23.444194793701172,149.2276611328125,157.53424072265625,58.152923583984375,159.0845489501953,114.7857666015625,5.0
529751.0,2.482923984527588,180.00000711006123,180.00000711006123,180.00000711006123,0.0,0.0,0.0,0.0,0.0,0.0,0.0,0.0,0.0,0.0,0.0,0.0,0.0,0.0,0.0,0.0,0.0,0.0,0.0,0.0,0.0,147.89720239092276,-163.66947540642286,64.96602123763978,33.30512619018555,182.60830688476562,86.88316345214844,-114.25403594970703,-29.885120391845703,53.1441535949707,38.926658630371094,152.7945098876953,133.46295166015625,11.691794395446777,186.1925506591797,175.23812866210938,60.771278381347656,179.47048950195312,141.40478515625,25.8531436920166,152.0869140625,161.8322296142578,57.95402526855469,160.3054656982422,116.07066345214844,5.0
529752.0,2.501923084259033,180.00000711006123,180.00000711006123,180.00000711006123,0.0,0.0,0.0,0.0,0.0,0.0,0.0,0.0,0.0,0.0,0.0,0.0,0.0,0.0,0.0,0.0,0.0,0.0,0.0,0.0,0.0,148.95708383794044,-160.42840034325764,59.43003673750809,33.81325149536133,183.96397399902344,86.2654037475586,-48.01264190673828,19.958900451660156,12.18946647644043,38.084922790527344,151.5252685546875,131.1905975341797,9.890585899353027,182.6983184814453,174.14328002929688,59.847137451171875,177.49893188476562,141.21591186523438,24.3868350982666,149.3242950439453,159.11451721191406,57.68891143798828,159.9730224609375,114.38729858398438,5.0
529753.0,2.5187830924987793,180.00000711006123,180.00000711006123,180.00000711006123,0.0,0.0,0.0,0.0,0.0,0.0,0.0,0.0,0.0,0.0,0.0,0.0,0.0,0.0,0.0,0.0,0.0,0.0,0.0,0.0,0.0,150.2148358675231,-155.7151189684464,51.750861794214416,33.16167068481445,184.0118408203125,85.3736343383789,-43.19447326660156,12.024763107299805,-17.152698516845703,35.10279846191406,148.61322021484375,128.1604461669922,7.276867866516113,178.12525939941406,172.5115966796875,57.66474533081055,172.89111328125,140.3018798828125,20.979415893554688,145.28091430664062,155.56671142578125,55.49322509765625,157.37342834472656,112.04560852050781,5.0
529754.0,2.5358738899230957,180.00000711006123,180.00000711006123,180.00000711006123,0.0,0.0,0.0,0.0,0.0,0.0,0.0,0.0,0.0,0.0,0.0,0.0,0.0,0.0,0.0,0.0,0.0,0.0,0.0,0.0,0.0,151.84143177697024,-153.75518250285495,47.351782785269734,32.78455352783203,183.85455322265625,84.3101806640625,-33.29487609863281,2.2935736179351807,-37.52229690551758,32.8606071472168,147.153564453125,126.01651763916016,4.407101154327393,175.85366821289062,170.5006866455078,55.518611907958984,170.5474090576172,139.52926635742188,18.131938934326172,143.3317108154297,152.88427734375,53.92809295654297,156.0862579345703,110.41606903076172,5.0
